{"episode_rewards": [839.3017793594156, 666.5844522968039, 685.2785478547763, 507.34716981130407, 212.5035830618866, 392.22424242422744, 288.0783882783719, 823.3127478753455, 394.05287356320207, 278.68198757762434, 394.71525423727286, 583.6709677419219, 812.6787878787699, 622.2199288256102, 892.3093632958665], "mean": 559.5306716054934, "std": 217.97796957485565}