{"num_filters": 16, "test_error": 0.0214, "learning_curve": [0.09339994192123413, 0.07439988851547241, 0.061699867248535156, 0.054299890995025635, 0.04919987916946411, 0.04309988021850586, 0.043399930000305176, 0.0410999059677124, 0.03729987144470215, 0.03469991683959961, 0.032199859619140625, 0.0288999080657959, 0.028599917888641357, 0.0270998477935791, 0.025499820709228516, 0.024599850177764893, 0.023999810218811035, 0.02279984951019287, 0.022999882698059082, 0.022399842739105225], "filter_size": 3, "lr": 0.01, "batch_size": 128}