{"filter_size": 3, "test_error": 0.167, "learning_curve": [0.8633999973535538, 0.8189000189304352, 0.765500009059906, 0.6813000440597534, 0.586600124835968, 0.5123001039028168, 0.4474000930786133, 0.390700101852417, 0.3485000729560852, 0.3202000856399536, 0.30020004510879517, 0.2882000803947449, 0.27619999647140503, 0.26450008153915405, 0.2432999610900879, 0.22079998254776, 0.20159995555877686, 0.18369990587234497, 0.16969990730285645, 0.15759998559951782], "num_filters": 16, "lr": 0.0001, "batch_size": 128}