{"learning_curve": [0.6082001030445099, 0.19589990377426147, 0.11799997091293335, 0.10099995136260986, 0.09049993753433228, 0.08129990100860596, 0.0764998197555542, 0.07259994745254517, 0.07029998302459717, 0.06839990615844727, 0.06679987907409668, 0.06429988145828247, 0.061699867248535156, 0.05919986963272095, 0.05719989538192749, 0.055899858474731445, 0.05449986457824707, 0.052699923515319824, 0.051999807357788086, 0.04999983310699463], "test_error": 0.0512, "filter_size": 3, "num_filters": 16, "lr": 0.001, "batch_size": 128}