{"batch_size": 128, "test_error": 0.0103, "learning_curve": [0.028099894523620605, 0.01979982852935791, 0.015199780464172363, 0.013199925422668457, 0.013199865818023682, 0.013099849224090576, 0.01269984245300293, 0.012499868869781494, 0.011899888515472412, 0.012199878692626953, 0.011899888515472412, 0.012099862098693848, 0.011899828910827637, 0.011699855327606201, 0.011299848556518555, 0.011099815368652344, 0.010599911212921143, 0.010499835014343262, 0.010499954223632812, 0.01119983196258545], "filter_size": 3, "num_filters": 16, "lr": 0.1}