{"num_filters": 16, "batch_size": 128, "filter_size": 3, "learning_curve": [0.10039985179901123, 0.07719987630844116, 0.06059986352920532, 0.04889988899230957, 0.04109984636306763, 0.036499857902526855, 0.0326998233795166, 0.02969980239868164, 0.02609992027282715, 0.02399986982345581, 0.022899866104125977, 0.021899819374084473, 0.020799875259399414, 0.01999986171722412, 0.019499778747558594, 0.019499897956848145, 0.018799901008605957, 0.017699837684631348, 0.01799982786178589, 0.01699984073638916, 0.016699910163879395, 0.016699790954589844, 0.016399860382080078, 0.015799880027770996, 0.015799880027770996, 0.01549983024597168, 0.0158998966217041, 0.0158998966217041, 0.015699923038482666, 0.01549994945526123], "lr": 0.01, "test_error": 0.0135}