{"lr": 0.001, "batch_size": 128, "test_error": 0.0411, "learning_curve": [0.39270007610321045, 0.15419989824295044, 0.1059998869895935, 0.09069997072219849, 0.08050000667572021, 0.07469987869262695, 0.07039982080459595, 0.06609982252120972, 0.06289982795715332, 0.06039988994598389, 0.058899879455566406, 0.05729985237121582, 0.05479991436004639, 0.052899837493896484, 0.05189990997314453, 0.05069988965988159, 0.0494999885559082, 0.048899948596954346, 0.04789990186691284, 0.04649990797042847, 0.044899821281433105, 0.04379987716674805, 0.042999863624572754, 0.041899919509887695, 0.0409998893737793, 0.04099982976913452, 0.04049992561340332, 0.03979992866516113, 0.03879988193511963, 0.03829985857009888], "filter_size": 3, "num_filters": 16}