{"num_filters": 16, "batch_size": 128, "test_error": 0.0095, "learning_curve": [0.027699828147888184, 0.020799875259399414, 0.017599821090698242, 0.01539987325668335, 0.014399886131286621, 0.013099908828735352, 0.012299835681915283, 0.01269984245300293, 0.010899901390075684, 0.01119983196258545, 0.011099934577941895, 0.01109987497329712, 0.010699808597564697, 0.010699868202209473, 0.011499941349029541, 0.01019984483718872, 0.01129990816116333, 0.010599851608276367, 0.010299861431121826, 0.00989985466003418, 0.009799838066101074, 0.009599864482879639, 0.009699821472167969, 0.009699881076812744, 0.00979989767074585, 0.009699881076812744, 0.009699821472167969, 0.009699881076812744, 0.009599864482879639, 0.009699821472167969], "lr": 0.1, "filter_size": 3}