{"test_error": 0.1018, "batch_size": 128, "lr": 0.0001, "filter_size": 3, "num_filters": 16, "learning_curve": [0.7958000153303146, 0.6924000382423401, 0.5956000983715057, 0.5403001010417938, 0.488300085067749, 0.44060009717941284, 0.3958001136779785, 0.35480010509490967, 0.3192000389099121, 0.28240007162094116, 0.2445000410079956, 0.21560001373291016, 0.1937999725341797, 0.17619997262954712, 0.16140002012252808, 0.15219992399215698, 0.14289993047714233, 0.13609999418258667, 0.13049989938735962, 0.12610000371932983, 0.12149995565414429, 0.11789995431900024, 0.1150999665260315, 0.11319988965988159, 0.11089986562728882, 0.10819989442825317, 0.10619986057281494, 0.10429990291595459, 0.10309994220733643, 0.10159999132156372]}