{"filter_size": 3, "lr": 0.001, "batch_size": 128, "test_error": 0.0601, "learning_curve": [0.1961999535560608, 0.11339986324310303, 0.09489995241165161, 0.08269989490509033, 0.07719987630844116, 0.07399988174438477, 0.07029986381530762, 0.06829994916915894, 0.0653998851776123, 0.06299984455108643, 0.061099886894226074, 0.05839991569519043], "num_filters": 16}