{"batch_size": 128, "test_error": 0.0108, "filter_size": 3, "learning_curve": [0.027199864387512207, 0.02399986982345581, 0.014299869537353516, 0.012699902057647705, 0.013099849224090576, 0.012199819087982178, 0.011299848556518555, 0.01139986515045166, 0.010499894618988037, 0.010599851608276367, 0.010499954223632812, 0.010599851608276367], "num_filters": 16, "lr": 0.1}