{"filter_size": 3, "test_error": 0.2539, "num_filters": 16, "batch_size": 128, "lr": 0.0001, "learning_curve": [0.8319000154733658, 0.7341000437736511, 0.6336000561714172, 0.5545001327991486, 0.4786001443862915, 0.4135001301765442, 0.36830008029937744, 0.33170008659362793, 0.30490005016326904, 0.2819000482559204, 0.26319992542266846, 0.24550002813339233]}