{"lr": 0.01, "num_filters": 16, "test_error": 0.0268, "filter_size": 3, "learning_curve": [0.09289991855621338, 0.06909984350204468, 0.05659985542297363, 0.049099862575531006, 0.044699907302856445, 0.03869986534118652, 0.03649979829788208, 0.03289985656738281, 0.031199932098388672, 0.028199851512908936, 0.026899874210357666, 0.025599896907806396], "batch_size": 128}