{"test_error": 0.6638, "num_filters": 16, "lr": 0.001, "learning_curve": [0.771000012755394, 0.7289000153541565, 0.7039000391960144, 0.6897000372409821, 0.6833000481128693, 0.6794000267982483, 0.6747000515460968, 0.6732000410556793, 0.6714000701904297, 0.6708000600337982, 0.6681000590324402, 0.6679000854492188, 0.6678000688552856, 0.6667000353336334, 0.6660000681877136, 0.6659000217914581, 0.6646000742912292, 0.6647000312805176, 0.6642000675201416, 0.663800060749054, 0.6643000543117523, 0.6640000641345978, 0.6641000509262085, 0.6641000509262085, 0.6640000641345978, 0.6643000841140747, 0.6634000539779663, 0.6642000675201416, 0.6646000742912292, 0.6644000709056854], "filter_size": 1, "batch_size": 128}