{"num_filters": 16, "filter_size": 5, "learning_curve": [0.22610002756118774, 0.11599987745285034, 0.09269994497299194, 0.08219993114471436, 0.07669991254806519, 0.07209992408752441, 0.06729984283447266, 0.06369996070861816, 0.0596998929977417, 0.057099878787994385, 0.055599868297576904, 0.05349987745285034, 0.05149984359741211, 0.04969984292984009, 0.0480998158454895, 0.04679983854293823, 0.04549992084503174, 0.04399991035461426, 0.04269981384277344, 0.042099833488464355, 0.04149985313415527, 0.040299832820892334, 0.03989982604980469, 0.03939986228942871, 0.03849983215332031, 0.037999868392944336, 0.037599802017211914, 0.03699982166290283, 0.03599989414215088, 0.03439986705780029], "batch_size": 128, "test_error": 0.035, "lr": 0.001}