{"test_error": 0.0419, "lr": 0.001, "num_filters": 16, "filter_size": 3, "batch_size": 128, "learning_curve": [0.29159998893737793, 0.1459999680519104, 0.10979992151260376, 0.09619992971420288, 0.0890999436378479, 0.08319991827011108, 0.07769984006881714, 0.07369983196258545, 0.07039988040924072, 0.06809985637664795, 0.06389987468719482, 0.061199843883514404, 0.058499932289123535, 0.0578998327255249, 0.05509990453720093, 0.05379992723464966, 0.05229979753494263, 0.05109983682632446, 0.04959988594055176, 0.048899829387664795, 0.0475999116897583, 0.04679989814758301, 0.04539984464645386, 0.04389995336532593, 0.04349982738494873, 0.042299866676330566, 0.041999876499176025, 0.04139983654022217, 0.04119992256164551, 0.04039984941482544]}