{"lr": 0.001, "num_filters": 16, "batch_size": 128, "filter_size": 1, "learning_curve": [0.621399998664856, 0.3633999824523926, 0.23100000619888306, 0.18150001764297485, 0.1460999846458435, 0.13010001182556152, 0.1194000244140625, 0.11239999532699585, 0.107200026512146, 0.10210001468658447, 0.09909999370574951, 0.09619998931884766, 0.0942000150680542, 0.09130001068115234, 0.08960002660751343, 0.0877000093460083, 0.08630001544952393, 0.08469998836517334, 0.08279997110366821, 0.08050000667572021, 0.07929998636245728, 0.07819998264312744, 0.07679998874664307, 0.0755000114440918, 0.07489997148513794, 0.07480001449584961, 0.07330000400543213, 0.0723000168800354, 0.07169997692108154, 0.07069998979568481], "test_error": 0.0712}