{"test_error": 0.029, "num_filters": 16, "filter_size": 7, "lr": 0.001, "batch_size": 128, "learning_curve": [0.23760002851486206, 0.12119996547698975, 0.09719991683959961, 0.0867999792098999, 0.08019989728927612, 0.0742998719215393, 0.06949985027313232, 0.06569987535476685, 0.062399864196777344, 0.058899879455566406, 0.05659979581832886, 0.053499817848205566, 0.05069988965988159, 0.04829978942871094, 0.04699987173080444, 0.044899821281433105, 0.042999863624572754, 0.04189985990524292, 0.04049980640411377, 0.039099812507629395, 0.03689992427825928, 0.03569984436035156, 0.034599900245666504, 0.033599853515625, 0.03209996223449707, 0.031199932098388672, 0.030299782752990723, 0.02969992160797119, 0.02929985523223877, 0.028799891471862793]}