{"num_filters": 16, "batch_size": 128, "filter_size": 5, "lr": 0.001, "test_error": 0.0517, "learning_curve": [0.18229997158050537, 0.10819989442825317, 0.09099996089935303, 0.08219993114471436, 0.07629990577697754, 0.06999993324279785, 0.06599998474121094, 0.062499940395355225, 0.058299899101257324, 0.05429983139038086, 0.051399827003479004, 0.0484999418258667]}