{"batch_size": 128, "test_error": 0.6724, "num_filters": 16, "lr": 0.001, "learning_curve": [0.8616999983787537, 0.783800020813942, 0.7435000240802765, 0.7073000371456146, 0.6908000707626343, 0.6840000152587891, 0.681600034236908, 0.6784000396728516, 0.6741000711917877, 0.6720000803470612, 0.6711000502109528, 0.6707000732421875], "filter_size": 1}