{"num_filters": 16, "filter_size": 3, "lr": 0.001, "learning_curve": [0.3934001326560974, 0.15139997005462646, 0.10909998416900635, 0.09439992904663086, 0.08569991588592529, 0.08099985122680664, 0.07639992237091064, 0.07299989461898804, 0.06989985704421997, 0.06659990549087524, 0.06439989805221558, 0.06199991703033447], "test_error": 0.0602, "batch_size": 128}