{"batch_size": 128, "lr": 0.001, "learning_curve": [0.19859999418258667, 0.11689990758895874, 0.093799889087677, 0.08359992504119873, 0.07689988613128662, 0.07129991054534912, 0.0667998194694519, 0.0628998875617981, 0.0596998929977417, 0.05519986152648926, 0.051799893379211426, 0.04919987916946411], "test_error": 0.0504, "num_filters": 16, "filter_size": 7}