{"lr": 0.001, "num_filters": 16, "batch_size": 128, "filter_size": 1, "learning_curve": [0.2906000018119812, 0.2027999758720398, 0.15710002183914185, 0.13300001621246338, 0.11779999732971191, 0.1096000075340271, 0.10530000925064087, 0.10130000114440918, 0.09670001268386841, 0.09359997510910034, 0.0910000205039978, 0.08859997987747192], "test_error": 0.0898}