{"lr": 0.001, "num_filters": 16, "batch_size": 128, "filter_size": 3, "learning_curve": [0.23589998483657837, 0.12430000305175781, 0.10030001401901245, 0.08810001611709595, 0.08090001344680786, 0.07499998807907104, 0.07099997997283936, 0.06779998540878296, 0.06499999761581421, 0.06129997968673706, 0.05889999866485596, 0.056599974632263184], "test_error": 0.0588}