{"0": {"info": {"validation accuracy": 0.946178480881412, "test error": 0.02941176470588247}, "time_stamps": "721.2530581951141 (submitted), 721.253203868866 (started), 801.2975080013275 (finished)\n", "config_id": [16, 0, 0], "loss": 0.05382151911858801, "budget": 6}, "1": {"info": {"validation accuracy": 0.9883709280114424, "test error": 0.02857142857142867}, "time_stamps": "1569.0854187011719 (submitted), 1569.085461139679 (started), 1640.719744682312 (finished)\n", "config_id": [36, 0, 0], "loss": 0.01162907198855756, "budget": 6}, "2": {"info": {"validation accuracy": 0.9234, "test error": 0.06250000000000076}, "time_stamps": "76.98633313179016 (submitted), 76.9863920211792 (started), 118.28229522705078 (finished)\n", "config_id": [1, 0, 0], "loss": 0.0766, "budget": 6}, "3": {"info": {"validation accuracy": 0.9194847208758196, "test error": 0.01449275362318842}, "time_stamps": "1795.230031967163 (submitted), 1795.2301392555237 (started), 1846.8428525924683 (finished)\n", "config_id": [40, 0, 0], "loss": 0.08051527912418044, "budget": 6}, "4": {"info": {"validation accuracy": 0.9486998344255873, "test error": 0.01219512195121951}, "time_stamps": "957.3441865444183 (submitted), 957.3443131446838 (started), 1002.4409453868866 (finished)\n", "config_id": [21, 0, 0], "loss": 0.05130016557441275, "budget": 6}, "5": {"info": {"validation accuracy": 0.9843750117967526, "test error": 0.038461538461538346}, "time_stamps": "1133.7011411190033 (submitted), 1133.7012298107147 (started), 1171.2037177085876 (finished)\n", "config_id": [25, 0, 0], "loss": 0.015624988203247425, "budget": 6}, "6": {"info": {"validation accuracy": 0.9883930403243453, "test error": 0.05263157894736877}, "time_stamps": "349.7493169307709 (submitted), 349.74935936927795 (started), 428.9130940437317 (finished)\n", "config_id": [6, 0, 0], "loss": 0.011606959675654727, "budget": 6}, "7": {"info": {"validation accuracy": 0.990096060901272, "test error": 0.01960784313725491}, "time_stamps": "1976.487975358963 (submitted), 1976.4880330562592 (started), 2028.9755883216858 (finished)\n", "config_id": [45, 0, 0], "loss": 0.009903939098727998, "budget": 6}, "8": {"info": {"validation accuracy": 0.9873696808205095, "test error": 0.03448275862068933}, "time_stamps": "542.1748430728912 (submitted), 542.1749339103699 (started), 571.9076528549194 (finished)\n", "config_id": [10, 0, 0], "loss": 0.012630319179490535, "budget": 6}, "9": {"info": {"validation accuracy": 0.9870987209943262, "test error": 0.030303030303030398}, "time_stamps": "2139.9982903003693 (submitted), 2139.998372554779 (started), 2169.6105942726135 (finished)\n", "config_id": [49, 0, 0], "loss": 0.012901279005673838, "budget": 6}, "10": {"info": {"validation accuracy": 0.9487359584047553, "test error": 0.008928571428571426}, "time_stamps": "1291.3491048812866 (submitted), 1291.3491632938385 (started), 1308.882366657257 (finished)\n", "config_id": [30, 0, 0], "loss": 0.05126404159524467, "budget": 6}, "11": {"info": {"validation accuracy": 0.9882, "test error": 0.06250000000000076}, "time_stamps": "1486.149998664856 (submitted), 1486.1500434875488 (started), 1545.4061408042908 (finished)\n", "config_id": [34, 0, 0], "loss": 0.011800000000000033, "budget": 6}, "12": {"info": {"validation accuracy": 0.9903643462393019, "test error": 0.024390243902439143}, "time_stamps": "676.5280804634094 (submitted), 676.528183221817 (started), 721.2524228096008 (finished)\n", "config_id": [15, 0, 0], "loss": 0.009635653760698082, "budget": 6}, "13": {"info": {"validation accuracy": 0.9558735025246333, "test error": 0.026315789473684126}, "time_stamps": "877.6006968021393 (submitted), 877.6007378101349 (started), 913.2515473365784 (finished)\n", "config_id": [19, 0, 0], "loss": 0.04412649747536668, "budget": 6}, "14": {"info": {"validation accuracy": 0.9890606260680138, "test error": 0.018867924528301903}, "time_stamps": "1739.45729804039 (submitted), 1739.4574236869812 (started), 1795.2292869091034 (finished)\n", "config_id": [39, 0, 0], "loss": 0.010939373931986185, "budget": 6}, "15": {"info": {"validation accuracy": 0.9833833911934414, "test error": 0.037037037037037174}, "time_stamps": "175.6927559375763 (submitted), 175.69281268119812 (started), 250.1701045036316 (finished)\n", "config_id": [4, 0, 0], "loss": 0.016616608806558575, "budget": 6}, "16": {"info": {"validation accuracy": 0.9107411443834474, "test error": 0.016949152542372836}, "time_stamps": "1922.6807081699371 (submitted), 1922.6807751655579 (started), 1944.2951128482819 (finished)\n", "config_id": [43, 0, 0], "loss": 0.08925885561655256, "budget": 6}, "17": {"info": {"validation accuracy": 0.9499899237825159, "test error": 0.011494252873563204}, "time_stamps": "447.9560992717743 (submitted), 447.95614647865295 (started), 479.5295555591583 (finished)\n", "config_id": [8, 0, 0], "loss": 0.0500100762174841, "budget": 6}, "18": {"info": {"validation accuracy": 0.9857943466230601, "test error": 0.023809523809523864}, "time_stamps": "1219.6005465984344 (submitted), 1219.6005880832672 (started), 1259.3385348320007 (finished)\n", "config_id": [28, 0, 0], "loss": 0.014205653376939908, "budget": 6}, "19": {"info": {"validation accuracy": 0.9553195422146178, "test error": 0.021739130434782542}, "time_stamps": "1378.5117757320404 (submitted), 1378.5118618011475 (started), 1454.2520973682404 (finished)\n", "config_id": [32, 0, 0], "loss": 0.04468045778538221, "budget": 6}, "20": {"info": {"validation accuracy": 0.9878878992599052, "test error": 0.03333333333333345}, "time_stamps": "621.636381149292 (submitted), 621.636492729187 (started), 652.1113114356995 (finished)\n", "config_id": [13, 0, 0], "loss": 0.012112100740094833, "budget": 6}, "21": {"info": {"validation accuracy": 0.988085711580016, "test error": 0.04545454545454584}, "time_stamps": "801.2982563972473 (submitted), 801.2983622550964 (started), 840.1942360401154 (finished)\n", "config_id": [17, 0, 0], "loss": 0.011914288419983987, "budget": 6}, "22": {"info": {"validation accuracy": 0.9565739577260761, "test error": 0.05263157894736877}, "time_stamps": "1640.7203748226166 (submitted), 1640.7204186916351 (started), 1695.9967794418335 (finished)\n", "config_id": [37, 0, 0], "loss": 0.04342604227392388, "budget": 6}, "23": {"info": {"validation accuracy": 0.9849909847680154, "test error": 0.026315789473684126}, "time_stamps": "118.2830502986908 (submitted), 118.28312849998474 (started), 144.2293348312378 (finished)\n", "config_id": [2, 0, 0], "loss": 0.015009015231984613, "budget": 6}, "24": {"info": {"validation accuracy": 0.9890825327020139, "test error": 0.025641025641025567}, "time_stamps": "1846.8436489105225 (submitted), 1846.8437187671661 (started), 1904.8799104690552 (finished)\n", "config_id": [41, 0, 0], "loss": 0.01091746729798615, "budget": 6}, "25": {"info": {"validation accuracy": 0.9883790721434244, "test error": 0.032258064516128844}, "time_stamps": "1002.4417371749878 (submitted), 1002.4418001174927 (started), 1065.6817586421967 (finished)\n", "config_id": [22, 0, 0], "loss": 0.011620927856575647, "budget": 6}, "26": {"info": {"validation accuracy": 0.9348413220887045, "test error": 0.010309278350515452}, "time_stamps": "1171.2045030593872 (submitted), 1171.2045679092407 (started), 1196.8544037342072 (finished)\n", "config_id": [26, 0, 0], "loss": 0.06515867791129548, "budget": 6}, "27": {"info": {"validation accuracy": 0.9855348889340353, "test error": 0.018181818181818153}, "time_stamps": "428.91398191452026 (submitted), 428.9140295982361 (started), 447.9552526473999 (finished)\n", "config_id": [7, 0, 0], "loss": 0.014465111065964709, "budget": 6}, "28": {"info": {"validation accuracy": 0.9835934555079756, "test error": 0.047619047619047374}, "time_stamps": "2028.9764125347137 (submitted), 2028.9764692783356 (started), 2066.122355699539 (finished)\n", "config_id": [46, 0, 0], "loss": 0.01640654449202439, "budget": 6}, "29": {"info": {"validation accuracy": 0.9822893806736732, "test error": 0.05263157894736877},