{"best_config": {"batch_size": 23, "num_filters": 38, "filter_size": 5, "learning_rate": 0.058781359070765656}, "batch_size": 23, "filter_size": 5, "lr": 0.058781359070765656, "num_filters": 38, "learning_curve": [0.014926864804210793, 0.013323979993020374, 0.011120013377633464, 0.010218390671338895, 0.011420554279731765, 0.010819472475535274, 0.010719292174835915, 0.010118210370639535, 0.009216587664344855, 0.009617308867142516, 0.010018030069940065, 0.007914243755252626], "test_error": 0.04347826086956525}