{"test_error": 0.0441, "filter_size": 3, "batch_size": 128, "lr": 0.001, "learning_curve": [0.1883000135421753, 0.11649996042251587, 0.09739995002746582, 0.08699995279312134, 0.08049988746643066, 0.07539981603622437, 0.07149994373321533, 0.06669992208480835, 0.0642998218536377, 0.06119990348815918, 0.05799984931945801, 0.05569988489151001, 0.05479991436004639, 0.052899837493896484, 0.051799893379211426, 0.049999892711639404, 0.04829984903335571, 0.04629981517791748, 0.04489988088607788, 0.04399985074996948], "num_filters": 16}