{"lr": 0.001, "num_filters": 16, "test_error": 0.0438, "learning_curve": [0.17739993333816528, 0.1203998327255249, 0.10099995136260986, 0.09159988164901733, 0.08389991521835327, 0.07779991626739502, 0.0732998251914978, 0.06899994611740112, 0.06599992513656616, 0.0634998083114624, 0.06089991331100464, 0.058999836444854736, 0.0564998984336853, 0.05359989404678345, 0.05139988660812378, 0.048799872398376465, 0.04689985513687134, 0.04439985752105713, 0.042999863624572754, 0.04149991273880005], "filter_size": 7, "batch_size": 128}