{"lr": 0.001, "num_filters": 16, "batch_size": 128, "filter_size": 1, "learning_curve": [0.4247000217437744, 0.2376999855041504, 0.16409999132156372, 0.13450002670288086, 0.11959999799728394, 0.11159998178482056, 0.10479998588562012, 0.10159999132156372, 0.0975000262260437, 0.09460002183914185, 0.09020000696182251, 0.08789998292922974, 0.08509999513626099, 0.08219999074935913, 0.08139997720718384, 0.07929998636245728, 0.07770001888275146, 0.07639998197555542, 0.07520002126693726, 0.07450002431869507], "test_error": 0.0761}