{"batch_size": 128, "num_filters": 16, "lr": 0.001, "test_error": 0.0418, "filter_size": 5, "learning_curve": [0.23839998245239258, 0.1157999038696289, 0.09629982709884644, 0.08469998836517334, 0.08059990406036377, 0.07609987258911133, 0.07139992713928223, 0.06749987602233887, 0.0629999041557312, 0.05949985980987549, 0.056199848651885986, 0.05429995059967041, 0.051399827003479004, 0.04909992218017578, 0.047799885272979736, 0.04679989814758301, 0.0456998348236084, 0.043599843978881836, 0.04219985008239746, 0.040499866008758545]}