{"test_error": 0.6709, "num_filters": 16, "learning_curve": [0.7327000498771667, 0.7056000530719757, 0.6912000477313995, 0.6864000558853149, 0.6824000477790833, 0.6795000433921814, 0.6777000725269318, 0.6761000752449036, 0.6755000352859497, 0.6736000776290894, 0.6717000603675842, 0.671000063419342, 0.6699000597000122, 0.6703000366687775, 0.6702000796794891, 0.6695000529289246, 0.6693000495433807, 0.6691000461578369, 0.6688000559806824, 0.6672000586986542], "batch_size": 128, "filter_size": 1, "lr": 0.001}