{"episode_rewards": [308.0, 271.0, 510.0, 334.0, 307.0, 293.0, 442.0, 450.0, 304.0, 296.0, 249.0, 414.0, 313.0, 382.0, 369.0], "mean": 349.46666666666664, "std": 72.80189252729325}